,Cosine Similarity to Cluster 1,Cosine Similarity to Cluster 2,Cosine Similarity to Cluster 3,Cosine Similarity to Cluster 4,Cosine Similarity to Cluster 5,Predicted Cluster
0,0.03484331471271662,0.0015892865421338609,0.11038919003121406,2.9215901395929222e-06,0.04368942421407318,3
1,0.0726215322563657,0.0051238298964025875,0.15818343418972858,8.940817402658396e-06,0.09477102126838854,3
2,0.041889650262674105,0.016917070744348894,0.015826515972015898,1.4017036066071853e-05,0.017730509231103753,1
3,0.2199804640846672,0.0039029859351760177,0.09659574306420682,7.669059297610303e-06,0.11465330561702258,1
4,0.09746444576335844,0.0038489725758494853,0.05083015505085875,3.014425674185972e-05,0.05889715347967228,1
5,0.11076482020119394,0.0031450264749163237,0.10187568484477116,6.116820700285963e-06,0.2690020718125078,5
6,0.08553361617203847,0.0184078173254969,0.08968437235027071,5.188794879207315e-06,0.2265706147785087,5
7,0.06855982505988933,0.0017833212553698408,0.09123997916955628,5.975063824159577e-06,0.06481427198303924,3
8,0.09092186923452161,0.005265817189650912,0.4419026968421701,5.8482803508841386e-06,0.11509367897297762,3
9,0.04562519204944715,0.004970446877398449,0.10665033200422269,0.0,0.06478462590920997,3
10,0.0415149423643556,0.0048963050782262485,0.20072484705152793,8.062498494387782e-06,0.05851439307912121,3
11,0.07366804682087846,0.0014927469640523272,0.021580358250854026,1.908349074319915e-06,0.02629045167747246,1
12,0.1736965357233864,0.003669422233255837,0.044641341021293246,2.63279035905839e-07,0.05924040432040378,1
13,0.06675549578975326,0.016621398983414748,0.028720885843982136,0.0014861889804078654,0.028274454596485032,1
14,0.06967021863389833,0.0009580931573140994,0.016801322949544173,1.0628968969972341e-05,0.03362689594182933,1
15,0.13371146657160438,0.002389328597941276,0.02973393937151836,2.306977149424405e-06,0.051375410036181735,1
16,0.09918586537359442,0.018685507041671046,0.12625690830342595,1.4793236181254166e-05,0.2139727863350369,5
17,0.06874105514310769,0.0011784950060064192,0.19228328849312049,2.577118760060948e-06,0.07302945646744696,3
18,0.029426466974687537,0.0007680328847490259,0.15181710189531328,1.5281927513433047e-06,0.03447436687593253,3
19,0.25817523183608115,0.0111843601041407,0.07858456687944937,5.517488343431687e-06,0.09917138925289581,1
20,0.042294657324360885,0.0017679242036913179,0.2732055073242624,2.4815982885284527e-06,0.05618087340798161,3
21,0.05392072898494149,0.0021105402186478717,0.059834576748357016,1.7078991850771885e-06,0.19620131904075622,5
22,0.10017662651820158,0.010447504391384643,0.04012293671969802,4.012043341328209e-06,0.064377380470938,1
23,0.14452007271289957,0.007946835679750408,0.035752151013645594,2.4022382166255518e-05,0.04325365740164089,1
24,0.0645335164182741,0.0029640722140579223,0.11079570623036628,7.5384071496209515e-06,0.2359264034673818,5
25,0.10775033468552841,0.0038872925852240225,0.05929347723441358,6.749615834467093e-06,0.04911496332693055,1
26,0.07367848484629835,0.007077071936807955,0.06078223350004808,2.747249674417418e-06,0.1714280946420994,5
27,0.03825863903204607,0.011336297634241821,0.03577424995992673,3.2595339451435557e-05,0.14124767396936422,5
28,0.10189823140872489,0.003025993735776167,0.009066881836219731,1.2829973110584092e-06,0.013352647025585807,1
29,0.05701303527402635,0.0007297042990794811,0.04312172717648721,0.0,0.193940663402148,5
30,0.13988057483582295,0.0035498951735600803,0.051745051353111915,6.230204600110589e-06,0.05612809286119835,1
31,0.09097039654649086,0.005266004412600833,0.35459545618482236,5.860230693266466e-06,0.12967799325873564,3
32,0.11194437721673522,0.005637260891959706,0.09853240781266126,2.8700624556954324e-06,0.17838890691858134,5
33,0.0850794286965606,0.006314656872515312,0.03940366684022778,9.083165600110021e-06,0.049018739915460574,1
34,0.23388013119730822,0.005450424149845312,0.0775526511051211,5.396448509609186e-06,0.07369024522409795,1
35,0.097219899068684,0.004764320065959615,0.03047749432811353,0.0,0.04249776060852728,1
36,0.026514694867924682,0.002262820869185278,0.05228700877680437,9.123918724429636e-06,0.1175139159921893,5
37,0.11715610419287825,0.003741648424450461,0.043785954809652194,7.027555250727069e-06,0.04558687642259596,1
38,0.06218207661527331,0.025446009872335473,0.04858476496087316,1.633344864726549e-05,0.18357612353542452,5
39,0.0709586367215741,0.008736397384700667,0.07470408103849391,5.900328462926652e-06,0.23408421208845787,5
40,0.044253858247606415,0.007345224872777778,0.1578533237740074,1.6096347322691607e-05,0.06645675669761242,3
41,0.02582233072275386,0.004199164858808335,0.022354185008476524,1.3734376266283377e-06,0.17281491634447743,5
42,0.3609447168667266,0.008428145561616196,0.11351802995512394,2.2712752104636635e-06,0.11773039325656232,1
43,0.04851315672549694,0.011815177783416009,0.10309297204405576,3.050513887237205e-05,0.07866381135912093,3
44,0.07534118235094889,0.002687655469831851,0.06289684323392841,1.285369168657624e-06,0.1104116818028098,5
45,0.13467681435984746,0.0016514389899571214,0.03785074409209954,4.168433294315932e-06,0.05928109702117135,1
46,0.07744373319155928,0.003984890063156943,0.05228246610711951,0.0,0.12106934971314476,5
47,0.13152533808585598,0.00951394947588824,0.03963653244318177,1.272762245574377e-05,0.06217757310660643,1
48,0.038468456489897274,0.0002957133544223556,0.09365111079994937,0.0,0.047981444835071385,3
49,0.19336110046027521,0.0017078749552169592,0.047952382141338346,6.968021897590937e-06,0.0520716685939564,1
50,0.10900719177588791,0.003587312227323447,0.05781585039271109,2.211065901813747e-06,0.052685392507356044,1
51,0.03755007086960371,0.01334103930796715,0.044225994614108255,6.029235202875682e-06,0.1743868043851855,5
52,0.13235766443077024,0.004724294305125776,0.0535579426230941,1.794863007109626e-06,0.0619687345107498,1
53,0.03496354605358387,0.0017091193435936347,0.03191609188321132,2.3433038869313805e-06,0.05595669482440746,5
54,0.04593772584864231,0.00571539685371103,0.11147950675281126,1.3996876443433948e-06,0.05377550889651472,3
55,0.029359266529491168,0.0031231847254055145,0.02083076764443703,3.4290921967494725e-06,0.04501749841939129,5
56,0.14524404815317415,0.0016151965344296526,0.049621037400743084,3.8892739439022606e-06,0.07424873429790646,1
57,0.07499214589724812,0.0013571467547299765,0.07285214346199509,7.328174100873497e-07,0.12612816108551728,5
58,0.09764432695110048,0.002082161938941285,0.05123955070075514,1.3334279536536542e-05,0.061588772472299325,1
59,0.11786189503155309,0.0012953494634293516,0.04050432042968677,5.879842485234654e-06,0.038520070654552874,1
60,0.034911367796812476,0.0,0.003302525387863353,1.6876062278736725e-05,0.003751252580262543,1
61,0.10187993498710735,0.0034996467426766653,0.021604926111759126,4.48179539969118e-06,0.03699654447646328,1
62,0.05589519640749463,0.011800729145215905,0.05273308309621605,3.631361516598375e-05,0.1435982470002275,5
63,0.2674275057751039,0.006122733091066812,0.06330502620172063,6.005211282356093e-06,0.07824677634620691,1
64,0.18965113230818298,0.003223115868127069,0.07270160152370808,0.006564445648118755,0.07935005678908913,1
65,0.13917441725159851,0.007757703810843175,0.11147856096081377,3.760962958176961e-06,0.25332096202473253,5
66,0.12041561701636694,0.15249730335725586,0.06355494549068064,3.2287395509422723e-06,0.050343296331102905,2
67,0.08839153269952671,0.006354322812407109,0.06758361181886174,3.0422393955120697e-06,0.08410031061350376,1
68,0.10472650878540102,0.009537730637047659,0.08596760334296727,1.9888202119622278e-05,0.10647191576782222,5
69,0.11292592630386256,0.003271409663437641,0.09144492041756591,1.3385238298302404e-05,0.16106131739935647,5
70,0.13698852468832268,0.016832070868854965,0.036602764280080136,2.020589442297549e-05,0.05028774727114371,1
71,0.15111854688731585,0.002536004759286725,0.13525839814967977,2.0408102386904048e-06,0.2707251089731072,5
72,0.08007792238116207,0.008572596158002543,0.012742247199123757,1.6207561823633476e-05,0.03224613728672532,1
73,0.02375165308636551,0.00639403274843886,0.020727141867478593,1.7228607385288974e-05,0.16238103541881777,5
74,0.16580809345337666,0.003889461871074973,0.02362373290254538,3.428499201207913e-07,0.03632679591238752,1
75,0.08205537202358526,0.004831564756192508,0.08555416124182358,2.8631070768669886e-06,0.20959931010973665,5
76,0.05367907775157277,0.0017827770447956803,0.1636969758555885,9.456941195695734e-06,0.06950414276371597,3
77,0.10665078630993796,0.003928279830237358,0.0562706524329708,2.8284827491287245e-06,0.23671251814485494,5
78,0.10365714734561182,0.015471289980273362,0.11968533396123238,4.062877699273493e-06,0.24339600236562964,5
79,0.09128910154484937,0.0032462969094751992,0.030143180578797946,3.2248078737362462e-06,0.04592938281176007,1
80,0.040749075148805325,0.011602186513573698,0.06238903433632648,2.2577059772044272e-05,0.19367067269225258,5
81,0.04720749600070406,0.005790287094918245,0.03628014469972285,1.187931947299603e-05,0.10714801238790272,5
82,0.07052137060076846,0.0023661851437863923,0.028682276898418624,2.5213411917746065e-05,0.05120489469608114,1
83,0.07086683293719342,0.001975899201591247,0.04092922339726135,8.245405165085984e-06,0.04221953623151009,1
84,0.08071688127714305,0.002894354144336364,0.007347047852091171,1.798505467442979e-06,0.009537517175712051,1
85,0.07350432178330302,0.0068217828481341725,0.04017652886368328,6.15732083586451e-06,0.10312537857361503,5
86,0.06445333812330467,0.003804689382670201,0.05382262603601351,6.311741706177543e-06,0.16050309821429698,5
87,0.0677479805662311,0.005010842803232829,0.06160817330726931,1.371030013630481e-06,0.1296132870694856,5
88,0.08263191437378004,0.014034593735164691,0.05720134806278543,1.209674755453527e-05,0.17970376789554443,5
89,0.29656373763541155,0.010183941303705146,0.11484848151399707,4.06770005267898e-06,0.10950815162406102,1
90,0.02982709596797717,0.0015831115488491587,0.11070077312370186,0.0,0.04315970805860281,3
91,0.059189737452185254,0.0014388176150290644,0.24524272157442284,3.7009987853275916e-06,0.09671949775863475,3
92,0.07137987377068133,0.0032104934842046573,0.2918921526655893,2.112954218325136e-05,0.08916046543754352,3
93,0.19564284894756367,0.012452026274945793,0.07549344590953577,2.2518132626658804e-05,0.07663731090274783,1
94,0.09574940208348914,0.0017097693619829712,0.11866426577439249,2.8446034681106624e-06,0.22615276302882892,5
95,0.1955696581924714,0.007981838818463705,0.08581796383179319,2.5731237303761034e-05,0.07512946312047475,1
96,0.06591869707043152,0.011733277686859056,0.06537331078670972,1.1080184503908797e-05,0.16145614554582566,5
97,0.06672005028132844,0.0030720782128581536,0.10020270353038718,3.621954642540892e-06,0.06397019350901312,3
98,0.13996754808743184,0.022910828419230644,0.061237030116506164,0.0001927564906826218,0.14561649670242693,5
99,0.05338930527044605,0.004718754643591394,0.01074824538290231,0.0,0.014160543622112165,1
100,0.013861872245483742,0.0021267500814919904,0.010903906897071214,5.635442789253542e-05,0.07597567637916736,5
101,0.040074740543768916,0.003945584833932814,0.046244613527589795,1.092043042327795e-06,0.15083088783702903,5
102,0.08579371639846989,0.001740016459385596,0.022354747213274906,8.805321960458912e-07,0.036498917055384106,1
103,0.09522030241091306,0.0014020986514348133,0.06163146129271768,6.7806328076791544e-06,0.07700632133992547,1
104,0.056215505241635655,0.003774280812321229,0.3419424878909909,7.765630389400258e-06,0.07298961593407471,3
105,0.07178102993164959,0.009481495489811365,0.08062895911126722,1.3819189059849357e-05,0.15033381696332904,5
106,0.047202817628173466,0.004036352288221967,0.05218607967780353,9.065601057622885e-07,0.0969651879113097,5
107,0.048924632385376365,0.023089651070355433,0.046190513338481676,2.376339190424126e-06,0.16473342023411874,5
108,0.06201558940607321,0.002739550464887164,0.05761357591270522,1.6196848489302695e-05,0.17567323133353896,5
109,0.05296160776285819,0.0011162138434392954,0.053113446698274,2.608143104931848e-06,0.13182937186549692,5
110,0.0937828230277975,0.0006880766043146913,0.008962439110499099,1.1450336677709672e-06,0.012159867141719238,1
111,0.09207769706884483,0.006598531671046515,0.1280393927285497,1.835434558006277e-06,0.2523312427910145,5
112,0.1467518206155204,0.0027655915065606385,0.022659556182260787,3.428842071828697e-06,0.040843418466035675,1
113,0.17078375351205788,0.004602176569843408,0.024291248857802206,3.2548702499912707e-06,0.034916751423062276,1
114,0.0139783828912875,0.426146458956576,0.0058326412074354295,0.024278856676264948,0.011932344002781536,2
115,0.06656963469553057,0.0025358432761241056,0.055477890361036564,1.5726452808895175e-06,0.0636623407852327,1
116,0.03458231145224988,0.01382769851583332,0.0332735724181179,2.30054722090145e-05,0.15355843406230485,5
117,0.14516482401669728,0.009829915602847739,0.05032337350906235,5.1548396763467785e-05,0.06268075002935047,1
118,0.09594517110166745,0.005367747944677537,0.08930997775293359,5.273501165747874e-06,0.2971326541583106,5
119,0.036829590316903804,0.010678616179640388,0.06093363743360336,1.4378633098055538e-05,0.13613892415102524,5
120,0.19462191194257095,0.0064707209815558775,0.06368574625512025,2.169374080962516e-05,0.0791920645031361,1
121,0.0678607699531284,0.012458908611205022,0.07888713113210544,1.4914942449761881e-05,0.18814816086641717,5
122,0.037988269397739804,0.0031910106468676647,0.06541576888357126,3.245779367611057e-06,0.10525992072816726,5
123,0.05820206801938976,0.003493082265843217,0.17712096646970932,1.779304939164561e-06,0.07613042560665384,3
124,0.06512188816532427,0.010581986196430138,0.08191187277529532,1.2345019342774322e-05,0.15664975731286845,5
125,0.23615365680782185,0.0032544732018086053,0.04570049211421323,5.01179990974876e-06,0.07225698408510395,1
126,0.08940879933875134,0.004716986181664828,0.027966035658449684,7.701488689559888e-06,0.041651285604152544,1
127,0.14829193044748035,0.0031328528169247694,0.04355274217108829,0.00011418416273012433,0.046180597884262764,1
128,0.030581568006219584,0.001376392751007316,0.03996199664935707,0.0,0.11668473459904738,5
129,0.07473119119977967,0.003966732560976016,0.198935784115851,3.8051151682871875e-06,0.07771033032039054,3
130,0.09233022445939809,0.0010705614544501696,0.050200478631057144,7.214240562714025e-07,0.06366074448608883,1
131,0.061484614415791006,0.0029747087261099425,0.2952654333640812,5.545145972174481e-06,0.08420302548178249,3
132,0.02771043634512893,0.000994007392241314,0.13527000802742672,2.036925357495889e-06,0.046018962458662105,3
133,0.027066564418797068,0.0016577487564036764,0.15368641621575996,1.03295193716324e-05,0.05260679193598705,3
134,0.07239692840361733,0.0012494334253865258,0.2516955928721012,1.7046615092830564e-06,0.10091421888031382,3
135,0.1281176590511115,0.004516727166876011,0.12196772996852667,5.818118480471757e-05,0.24668463440011257,5
136,0.09756861640969572,0.009367557974632956,0.1488115602874669,3.1233829675958447e-06,0.12864955489117125,3
137,0.06144544700579846,0.006085958059234731,0.06731959621253247,1.2083156046838184e-06,0.25636693974221436,5
138,0.06182172807121078,0.004016211430917016,0.036488982102685585,4.838277143370817e-07,0.15703116728876565,5
139,0.15930027516100376,0.008793497918896498,0.06635293898656125,2.7572066498282588e-05,0.12175852557858069,1
140,0.032999121138878706,0.008515632188696332,0.02185275351102911,1.0705508437625078e-05,0.1305027965548624,5
141,0.08863543755140091,0.0018838035489342486,0.021016843019594722,0.0,0.02927927346059911,1
142,0.08529000946115306,0.01800103322411062,0.03333412862754093,2.9889375894653902e-05,0.06112832723453354,1
143,0.09078647477039914,0.00462508448924126,0.07941830956701412,1.185209290732736e-05,0.19773588456345448,5
144,0.06978860917425356,0.003559529380398163,0.04707798658019935,2.4056005517580914e-06,0.1494265800498965,5
145,0.09314877024062629,0.003883181967765492,0.023771033749628967,9.700138412505055e-07,0.04180400841740828,1
146,0.05379050234033078,0.0011122071699183333,0.2235925292388674,3.4782973623581626e-07,0.06856999086440596,3
147,0.20409246621062838,0.006585966989084313,0.05908211886985992,1.4437964525049196e-06,0.06317865504022413,1
148,0.07087356157029967,0.0050064494211743416,0.03799257639543452,1.811066776324921e-06,0.043892494849736674,1
149,0.17678516695712676,0.0019115906674606054,0.037149627597311774,5.26299289149712e-07,0.040241438588256684,1
150,0.04790582489322981,0.0029326149793352796,0.017566247178413374,2.025822117812659e-05,0.03153337214265839,1
151,0.05589735091522008,0.008662191704220779,0.051728978277545856,1.2947261567086699e-05,0.13434121776131802,5
152,0.1617370721002136,0.011368371608872385,0.047879542129658725,3.7714813411415804e-05,0.05284419714730049,1
153,0.08846533970255166,0.007172910284789835,0.05316750113094193,1.3781838880677633e-05,0.07064595059283796,1
154,0.10850629227221753,0.007610598376581512,0.028817791388719982,0.0,0.03765143190774056,1
155,0.07947139903151845,0.00513206620884521,0.16057341971636285,2.1229814786249968e-05,0.0863966262326783,3
156,0.10393621787854068,0.01591646084344056,0.1511114323518461,1.1667120227820682e-05,0.24982683516621396,5
157,0.04234251093644714,0.008129876051375717,0.050438653041875114,1.425515834629909e-05,0.12137803549747928,5
158,0.032381655506073304,0.004171937720589658,0.037919824878583475,2.9670229143574645e-06,0.09898852652837198,5
159,0.08813958628059071,0.01021461377712618,0.026742701116372336,3.5536940963254438e-06,0.03322072604832671,1
160,0.031536783023930814,0.0009940171426060518,0.14325743861764417,0.0,0.04877971390472424,3
161,0.05200292385313665,0.015934542330943713,0.04292397593178521,1.1502171946231599e-05,0.18792318994390067,5
162,0.12012283192809503,0.013110728544304728,0.07443045667758863,2.2218938707796454e-06,0.13522749195362338,5
163,0.2339680544497671,0.003605934577823655,0.04731295193798535,2.4656762895869377e-06,0.06113301775975033,1
164,0.052396154926242944,0.0012911917972603382,0.0253721676058567,2.736943132131131e-07,0.03566442877649867,1
165,0.08221898733444821,0.0045243191164118235,0.054211199076466876,7.637143780603317e-06,0.05451142086637095,1
166,0.0408583876784252,0.005852182014175145,0.22701501853128336,7.381758365676561e-07,0.05928870577107448,3
167,0.09545924342691259,0.0024653851820780615,0.07818396512095083,3.4593469000476773e-06,0.2379929470658675,5
168,0.09929191944124194,0.0055429006561897864,0.021442088141556015,0.07138786245627593,0.041897874169399385,1
169,0.1259518853904894,0.0040582043452565,0.17744186621636981,9.335170433333317e-07,0.10046220918259419,3
170,0.3016473039736671,0.00842356396639854,0.061362590009997775,1.005938062481615e-05,0.07636436397311819,1
171,0.004827964107715466,0.0013294567781356736,0.0030305445602146763,1.2215840487828089e-05,0.0375241774839703,5
172,0.05454667770974575,0.0220794087865801,0.0406670840233635,1.558437766424614e-05,0.18203965292286972,5
173,0.0670817720154987,0.005845495214736762,0.05394037373307781,1.8413338227052378e-05,0.07150592371662168,5
174,0.04513278253982678,0.0179135777648739,0.050195661904217204,7.963553167900095e-06,0.06005599109887627,5
175,0.054519774445871416,0.0029118009794099065,0.07781406043033134,2.6691687146085386e-06,0.1268025821954093,5
176,0.16738016941197498,0.005302119939163297,0.0375463430944184,9.297876491953794e-06,0.0410018147204696,1
177,0.22858525636094207,0.013372535754628267,0.04898802285519832,6.113517289751957e-05,0.07906185656800668,1
178,0.09601720028194194,0.0026219993587112134,0.08722791276684383,5.914864813605369e-06,0.24509723487121216,5
179,0.029787803718569816,0.0006014542796684008,0.021073232496686356,1.139075973655146e-06,0.03290111436797938,5
180,0.0748141639100689,0.004652770877621948,0.20787389606078788,1.5450137320627277e-05,0.10549756760807871,3
181,0.08281944141033903,0.010458242817125929,0.03428138705517836,7.454537973505815e-05,0.028360996746004452,1
182,0.22069558932157884,0.006565510253615514,0.06354017474258256,7.0836066849988555e-06,0.06146287926248073,1
183,0.04579008918911631,0.0025767816057927773,0.038774686327031294,4.993268694075681e-06,0.10907709403495869,5
184,0.09024264854471875,0.002453144368147475,0.08706416735613043,1.1647543191273257e-05,0.0671983436204533,1
185,0.04815613568754984,0.002056143558114787,0.06066652307217768,2.3261261175022696e-06,0.11942482200500237,5
186,0.06347544589877951,0.002463867435521072,0.27077756779913176,5.43884108317183e-06,0.0946197346800477,3
187,0.20886357184200255,0.006321861032422937,0.0611720561527912,9.588460657683484e-07,0.07157642180355828,1
188,0.04506219935647837,0.0018691155804614334,0.033573917085214844,2.927950590092543e-06,0.0726985627548068,5
189,0.05220940283324271,0.0023307713877063208,0.04693581431500182,0.0,0.0658718303661161,5
190,0.053437341158145024,0.0034855956714776593,0.033504314992972795,2.675921082384569e-05,0.04105174386477772,1
191,0.06791473916041701,0.022705051047216873,0.06014618196497523,3.099225172664699e-05,0.19198246159411458,5
192,0.040907063075704464,0.005825114574882773,0.038197688669806995,3.913431435687009e-06,0.09570353229777295,5
193,0.06866873753572333,0.004336121412587213,0.0690662126222823,3.7806536390405654e-06,0.1729022961824601,5
194,0.049471881651189986,0.0031663845413890668,0.05826422579179691,5.306847580044405e-06,0.12963924323200748,5
195,0.05393814202995195,0.0013402852922086428,0.02158799295268754,1.3302561132633173e-06,0.023763616625078643,1
196,0.052626372770670615,0.0007219090975043585,0.016446967503459864,1.2273950034336067e-05,0.03999534751656897,1
197,0.09711745907150204,0.0025535447030423652,0.04710112350955331,7.193742239119949e-06,0.068653607738548,1
198,0.03338529744744423,0.0025524366644377183,0.15049603789809973,3.1481134961097723e-06,0.05296812964578568,3
199,0.04587776151730605,0.004306027352493524,0.03148941867181576,0.0,0.08622095009925057,5
200,0.03575339451830961,0.0022185829762806364,0.16932352505102566,4.991761073269707e-06,0.059818297574853796,3
201,0.03468434956063671,0.00123285200141654,0.23095885662368176,1.247308176410833e-06,0.05616901157572185,3
202,0.08439870258486282,0.003236389436711007,0.03501266955261639,3.1460300106256334e-05,0.023418066872785026,1
203,0.1601129455895003,0.005100405956171339,0.11922219639348375,1.4312330051113875e-06,0.1435046909440203,1
204,0.07002049817215095,0.0028261655666633745,0.3188547290279864,6.046641228274474e-06,0.07292123277535001,3
205,0.12878767700641602,0.009066708918471944,0.058830854258799636,9.100024325525702e-06,0.08615742274452254,1
206,0.06619262395386905,0.0009093488559375196,0.051848489614817805,0.0,0.05393924842253861,1
207,0.12017043425718676,0.003122299357554259,0.05178631560370606,1.3797381770208617e-05,0.0738788158386009,1
208,0.08805806753599732,0.003210028486514749,0.3040483533826177,1.2255274742800637e-06,0.12750004349681,3
209,0.08487597378116074,0.008570338732923233,0.33813170543760296,2.471062979458871e-06,0.1126643077420707,3
210,0.08637336735795387,0.0034084363234883064,0.33004360319264847,9.734993672294578e-07,0.11864694671190301,3
211,0.0734008808721226,0.005149776907086068,0.07530589806930876,1.9149399419271518e-05,0.22751227007810693,5
212,0.07457470010851885,0.0022615551560483116,0.028775894836302163,3.8056073569103788e-06,0.043641356087979144,1
213,0.0638782303123695,0.31255253080061696,0.023954359782686008,0.023171579362866512,0.04158791274602569,2
214,0.038866724226082616,0.01623540121822864,0.037652171724511074,2.2222682281691775e-05,0.14722916262801766,5
215,0.04632062998050768,0.005590165800197444,0.04663119632769297,4.971763529648676e-06,0.12922967655451656,5
216,0.034185522909292,0.0008330229865357586,0.17821480875288698,9.93957985917504e-07,0.05300622150763312,3
217,0.08710162473025063,0.003936666453374538,0.2645638256851075,3.9218623991699175e-06,0.12633702492092191,3
218,0.049341444065325035,0.0029028710902661015,0.1360237224534906,3.906789743046701e-06,0.06337267260498058,3
219,0.12463703316692898,0.004773959162599595,0.1132730824390975,1.6964692306498108e-06,0.26667914242403046,5
220,0.11203224264142464,0.0027904853659326267,0.024371897989829083,1.2434743767109069e-05,0.03221152493791557,1
221,0.05136662462396524,0.005949607092303744,0.0629490562851317,0.0,0.1621527323841936,5
222,0.29231237728349546,0.02451121262973921,0.07455839723932478,3.635785078781595e-06,0.1009902507268976,1
223,0.03068961223239064,0.00012221190824612815,0.01798202711870034,0.0,0.0677738201241348,5
224,0.04016213586466855,0.0075760534077600195,0.051541952664882595,1.0952333511005108e-05,0.1425270872468014,5
225,0.12631479371396337,0.00720145658973137,0.09159569489460218,2.0622831106154038e-05,0.126170836789939,1
226,0.11880036491031642,0.01073148480013253,0.14285138369133,1.5046296526155523e-05,0.24093703342538264,5
227,0.055386096233280835,0.00875890945067137,0.05899319420849536,3.192668693308143e-05,0.12313099008911932,5
228,0.18841604366331166,0.006126977869662875,0.05359172053503414,1.675715079019202e-05,0.07183929325997174,1
229,0.052593212409713264,0.0022364554703612205,0.10439789162544177,2.6618851917126207e-06,0.048918647413117466,3
230,0.0617685893602411,0.0018312754996011593,0.2643466323937699,8.78565515338714e-06,0.07378867236891606,3
231,0.04984098973752926,0.006303996230996423,0.03977989773285184,2.008053909485774e-06,0.0993409427929347,5
232,0.13883238540025478,0.01628341386423504,0.05269636986659043,4.483662857479587e-05,0.07170693689861174,1
233,0.03932926056573627,0.004345274032465429,0.2578652450983173,6.59280450099331e-06,0.06243602524932468,3
234,0.036453410396562025,0.007874143072692186,0.04818148234138009,1.1670665800767033e-05,0.13821829652690643,5
235,0.03712850013818081,0.0007652391662890112,0.03640236756188209,0.0,0.12770405676771657,5
236,0.1151469031156307,0.0033050067215083523,0.014719297391947883,0.00025655264900448227,0.01758041681372302,1
237,0.0643204154860344,0.024800099789059282,0.046520463377472177,2.96233323683337e-05,0.14491204734174523,5
238,0.16219216670724568,0.018347179572602457,0.03862965137763896,7.285808897750101e-06,0.06216478115104351,1
239,0.11825560538129476,0.0013149366869598111,0.07496235923026262,3.6191369082727576e-06,0.1046690024265573,1
240,0.07852404336329666,0.0029524639052836976,0.01917487853203237,9.918099078909393e-06,0.032113659519994675,1
241,0.0920970775450658,0.002341029786655513,0.06367003957160211,2.2317095504931217e-06,0.08804404405957522,1
242,0.09376576712183926,0.004393767010451577,0.09948048655461483,9.973681228347964e-06,0.2534108377731714,5
243,0.02250030909817924,4.464173363560864e-05,0.13344234120990495,0.0,0.02979113721774429,3
244,0.1045152504263358,0.00392903696027469,0.07212624203978502,2.978100738870726e-05,0.08732661290301225,1
245,0.041459676049298455,0.002320710872440346,0.157281173020701,5.778028941971769e-06,0.05194340298349809,3
246,0.048518793870453214,0.004712615162276834,0.06034576637015154,1.8455038158782244e-06,0.15546532331343776,5
247,0.044570866638957374,0.0012060828221700515,0.11934612190577332,1.4640556739164978e-06,0.10252216760029476,3
248,0.03324580023454493,0.0025907017779863706,0.03403435735475702,1.2545914774841904e-06,0.03786681388574997,5
249,0.013057222364103005,0.0013647443092486,0.1163118391383986,3.1330345483526756e-06,0.04049168674624404,3
250,0.04483466949948944,0.0011705485012403205,0.07461815376059333,0.0,0.05025070912261975,3
251,0.10105808298668961,0.00347508574156985,0.049967009164852305,4.1858424492113855e-06,0.15154342733567683,5
252,0.0383931583468764,0.0031675830926483073,0.075658856841199,2.39788874034641e-06,0.1501132255032389,5
253,0.054636934188846076,0.0034038905247204543,0.23893881301813036,3.7893910057595903e-06,0.06798056226872973,3
254,0.0764360715696435,0.004600084335920074,0.17059660618014938,5.089482443043636e-06,0.08160303632021015,3
255,0.13571284988063503,0.00777899665900228,0.06179535062345576,5.576625149661396e-06,0.0664599258481835,1
256,0.1988748146381214,0.002355701397459331,0.04253785743217331,1.6725863259958729e-06,0.06097104607735182,1
257,0.05988595829286447,0.0013387647555425097,0.24568574324730896,1.710679616295785e-06,0.10117018420165336,3
258,0.018409349005518605,0.0007118216811295985,0.013985274970245487,0.0,0.09078422511503426,5
259,0.1410066042518322,0.0044040805720904075,0.021465611174736554,4.507396908270955e-06,0.01867198506672063,1
260,0.1219642407364504,0.008272234381103472,0.07814863215215229,9.064114381396315e-06,0.09631070082981108,1
261,0.10733695659035936,0.0033475513703254967,0.10989656400368675,9.214099129795095e-06,0.1667185118509884,5
262,0.0485083549136891,0.0032805181966256702,0.01465921883632848,2.1039921977550335e-05,0.024577336642205405,1
263,0.06830404709020499,0.012027179645114683,0.06758927315846752,6.45277059063698e-06,0.058602117779035456,1
264,0.07837656112961677,0.01015333476413538,0.0422107819519324,3.0933798418342207e-06,0.06429340980111509,1
265,0.1844325968654803,0.005330672629070832,0.07080710500424048,0.0,0.0677971277254682,1
266,0.05782886631662132,0.007732805823609024,0.05659896251638241,8.569440206773749e-06,0.15878643461169484,5
267,0.07771941164949137,0.009551790641995517,0.22273686774407897,8.167387813839966e-06,0.09850081184147463,3
268,0.07010354982442202,0.0018680140222454567,0.030938330070045317,2.7788455125854483e-07,0.03777056519279254,1
269,0.08217591393538493,0.01159405451143436,0.2129318891623806,1.8875720194655443e-06,0.11781260728736309,3
270,0.1825814375549002,0.005413336125607016,0.04176866836049886,3.7876867042818674e-07,0.07319649232781533,1
271,0.08429287498282001,0.005541602175866744,0.03718651554904495,7.154766039518812e-06,0.04541702133283476,1
272,0.07059971127021214,0.003637202179022081,0.17121811247155372,2.669707522606757e-06,0.08855092353363714,3
273,0.0599882213298083,0.010698402042640054,0.08095628773054397,5.167365965119686e-06,0.13286217327832484,5
274,0.04315719025264664,0.002635701238740129,0.2380597682880038,2.47431790301178e-06,0.052830553620845766,3
275,0.18223811504255216,0.006706315358575021,0.039559578855655975,1.1464409469086334e-05,0.0625037371543058,1
276,0.07963554920201221,0.01008294404538379,0.021413772153477395,6.845195644733515e-05,0.028075192081493894,1
277,0.03928873065321947,0.0029432660324955062,0.01348033208605759,0.0,0.016735776341510578,1
278,0.051275488044861484,0.0019991239135962457,0.02342143972617783,2.1095553056627026e-06,0.03362172416100073,1
279,0.22430423608078587,0.004064483699862564,0.04635192539770239,3.776372839769948e-06,0.04449646393833162,1
280,0.05579171231830571,0.003067279496723807,0.13315479053820156,1.7623677910361124e-06,0.06800837897208956,3
281,0.031007994871708466,0.016260740381315753,0.03978392621315163,5.599141459033952e-06,0.12649236532502206,5
282,0.07022504039335975,0.0010627533047015136,0.05276564104441195,1.6950202714749452e-06,0.14157761440683259,5
283,0.17607287730448684,0.012257862668414887,0.05885202678689894,3.013474051072329e-06,0.05809163380655802,1
284,0.1919898918610543,0.002147978305198528,0.04318287979079727,4.822438444906929e-06,0.05029566202858948,1
285,0.1077915868477316,0.009470245372263486,0.03766749419557358,1.1072573575354738e-05,0.053846200907988084,1
286,0.1761782725905343,0.02468296442569584,0.10133892331960681,7.136822278153154e-06,0.09079601434355722,1
287,0.05404538506173118,0.0005848402098611594,0.04673458558165222,2.7363912077360553e-06,0.11281786267716276,5
288,0.06851728257074774,0.0019225438931043115,0.15749502128873805,1.4278469272488437e-06,0.07135806562481073,3
289,0.06271361658683539,0.001045067297341884,0.044307003603924144,1.8768429296267541e-06,0.02549718783829058,1
290,0.1002537714448486,0.0054831806974051656,0.030646925772864098,1.2542738554222055e-05,0.045096484326101915,1
291,0.027625018739620533,0.0023203769078611325,0.02382117131736572,1.2566126086355212e-06,0.020651922133329115,1
292,0.060183903436638264,0.0012221018766312985,0.05126597753082962,4.2608406114474917e-07,0.09048484754032338,5
293,0.13333644813042755,0.0030211316876463945,0.040196118297749495,3.4567740095914345e-06,0.03567193708362315,1
294,0.07701527325057966,0.0017913897580544846,0.0694397854726766,2.3554280822457585e-06,0.2248418260771684,5
295,0.0663800128547114,0.0010018683763036718,0.131338862964284,0.0,0.05985606256680942,3
296,0.03646354791403461,0.006894122030829064,0.17281563316125825,8.876275911817721e-05,0.06253499115792227,3
297,0.007747425245266948,0.0,0.0453330818356924,0.0,0.01703487473944587,3
298,0.1730929889084758,0.007428705045471662,0.05548964503612941,1.1491734895119343e-05,0.06345109518290726,1
299,0.15744660159480706,0.0022750567365537044,0.01917263132582081,3.35621747049597e-06,0.017443357261804016,1
300,0.18227928376961655,0.00731423715824886,0.035105748182974406,5.499196291780528e-05,0.04324252171548626,1
301,0.044502263178911705,0.003956953140465624,0.05234752688776556,8.854387537171604e-06,0.10901445544740096,5
302,0.056832214601213904,0.0036025846470677525,0.040940353135176855,8.672003542264939e-06,0.030537394740132395,1
303,0.07577323319402296,0.0031323548037668347,0.08949444520499661,0.0,0.12892397425336677,5
304,0.08288770356806097,0.006197018952401989,0.05606274649950416,1.0216422409836667e-05,0.10242668675193745,5
305,0.07527421653390587,0.0031717627520760905,0.06941919564415755,0.0,0.10385668131247006,5
306,0.08544471310256174,0.005757589434921551,0.07101332651705483,9.81332928073897e-06,0.08629184426163672,5
307,0.036955841165565495,0.0019820754827875042,0.057355663303479965,3.214070891988108e-06,0.11012549569061225,5
308,0.0427283878439475,0.021208282695526104,0.04804365032928248,4.886788874125525e-05,0.07950401020257847,5
309,0.05018309967296053,0.006797010839657225,0.2506073721814651,5.7675009418334255e-06,0.0773992631723992,3
310,0.10883992232787754,0.00542782117488283,0.07078435765892155,9.182460336876197e-06,0.08710926201229774,1
311,0.09422455742203828,0.004030475670820821,0.09187786921350904,1.241493907233604e-06,0.18265012548980164,5
312,0.019479896070715763,0.05440692525596447,0.02214619754313807,3.6975665773653077e-06,0.16921611121124502,5
313,0.041944277226831916,0.0030475628549547773,0.19723304583457535,6.077979120555632e-06,0.06546792195972007,3
314,0.06219172083729785,0.01663272765458046,0.06653865213898269,8.299243320797345e-06,0.18613695353707782,5
315,0.1759098672326629,0.00494734143343567,0.03969185248469198,1.7877858332626673e-06,0.0523155334525951,1
316,0.18811389060555384,0.002114586372388483,0.040393442313567895,1.6099930608692858e-06,0.050451470895852335,1
317,0.09208011413403705,0.001764235886721588,0.0209375659961335,3.846852009714574e-06,0.024530863010446602,1
318,0.09852312262695384,0.0036404956281247403,0.37078250547958036,3.935891827577809e-05,0.12412656615754414,3
319,0.17519778147444598,0.005943799187574372,0.03717142273204144,5.385656911882641e-06,0.03456970532126702,1
320,0.10979853087765334,0.002093414774606339,0.05955476330523879,5.394439566375198e-06,0.06473042880189994,1
321,0.08018793686082326,0.0005208282268016617,0.02362174485655799,0.0,0.04787266764160403,1
322,0.08569893253277061,0.016259119770506314,0.043107012012128965,2.261045669504913e-05,0.05068688007165856,1
323,0.141246278945666,0.004807837506470514,0.02187328109400244,3.0933864191284854e-06,0.03031153011841603,1
324,0.0489830641647534,0.004873877511118452,0.0078201638622456,6.732205524606627e-06,0.0356495124145233,1
325,0.06937688363927352,0.007355903913185857,0.06795895437260424,2.984792064242292e-05,0.1514530316269358,5
326,0.07920634095938173,0.004956314049157973,0.040908363186985985,5.828561379317421e-06,0.08684507624916848,5
327,0.08020130531305703,0.0019753082866282856,0.05168144608455061,1.7883336757895663e-05,0.07205957890878678,1
328,0.09824847188234331,0.005494642994018473,0.027871160463179945,2.8191247231079686e-06,0.047292300820166666,1
329,0.06173535045027145,0.0037598659235460463,0.012528655944864076,2.7524290935998508e-05,0.021541214316923796,1
330,0.12640434909122744,0.004123128113075913,0.046255259629079504,1.989550672010232e-05,0.05839039164259019,1
331,0.0646805763644166,0.005243279096278197,0.06602487858083683,2.0979018606315236e-05,0.19906421700526045,5
332,0.14153524363900816,0.008288743580214253,0.4188582089674546,1.1321280928844324e-05,0.1931946541382259,3
333,0.1405999777707514,0.0015038684591289764,0.029921189655152447,8.801924825774243e-06,0.02932515778931266,1
334,0.16032369428788817,0.0015381876922541116,0.04044362252527367,1.9067716977572147e-06,0.06045397213364756,1
335,0.042204262304503914,0.0025999115704237186,0.04581963811610812,4.177708071595454e-06,0.08445945769244234,5
336,0.03651434893582595,0.0009129125030785668,0.025441043035832722,0.0,0.06541594347972346,5
337,0.10087099105307706,0.005886829073096567,0.03392301564193201,0.0,0.036664056487666685,1
338,0.0608784466403578,0.0006121514032719766,0.048013358117130256,0.0,0.04863330869447591,1
339,0.1468031640166383,0.0016341004342738108,0.04814108938949313,0.0,0.049498792336182706,1
340,0.02572064589498002,0.007108441193656501,0.034118787667892114,1.3679813024580767e-06,0.06766935114560013,5
341,0.10898194653921711,0.0015516771933598017,0.10377497602271979,3.47932072486401e-06,0.1867751789025769,5
342,0.05393152265533374,0.0022967721717919165,0.14575141209389497,6.02404963379044e-06,0.06308955885571199,3
343,0.12387225324616824,0.005570356837635959,0.1389430738756393,5.640248084692878e-06,0.2568745706782437,5
344,0.05253385212759809,0.002167929124548662,0.13015893585370097,4.116794761643838e-06,0.05697805807063705,3
345,0.03873676574877438,0.0011605134013848994,0.1849233082151468,5.73460102604173e-06,0.054595582193296854,3
346,0.026875027537307528,0.001005540163475649,0.04592790141669967,0.0,0.08665601718985994,5
347,0.04703549604473656,0.0037916236994167685,0.18204092480904177,1.2884930558065832e-05,0.06136078322655192,3
348,0.12959470500373804,0.11333714027328079,0.05328884260206357,1.5155411363987348e-05,0.05772647040682155,1
349,0.17082975151756996,0.0041165035135476424,0.06644247844288631,1.8559938940176934e-06,0.0670649033599191,1
350,0.10038524485751987,0.011207105999301636,0.08780326234413505,2.9910554759982055e-05,0.12902075862714346,5
351,0.06288876794256626,0.0007228845359897873,0.09561997886514051,2.537273240399429e-07,0.047825628085839234,3
352,0.0432484083517366,0.0035551991916615844,0.0862119178747236,2.0894584201736066e-06,0.1176212551850333,5
353,0.09294264071205338,0.004660737936091119,0.03229456863149083,2.9121306603929753e-06,0.06095419748904629,1
354,0.20873183619695346,0.005605684597771554,0.05508978895242489,9.624689278009413e-06,0.06139205216789201,1
355,0.05829422284257402,0.0053493958720731705,0.032077675885494816,2.3624530373078656e-05,0.031222222013905676,1
356,0.028338387842240853,0.0021813819183620353,0.05235717636577575,5.982516946723138e-06,0.10391225695822937,5
357,0.05584980961971009,0.005797803177674421,0.05807140112311315,2.042831411142032e-06,0.18137711281016888,5
358,0.02542389198073758,0.008541818103571464,0.04069062505663934,0.0,0.09694672969090423,5
359,0.06967648696720397,0.002308336493701546,0.07276400454351661,7.072013039621794e-07,0.2001028550777808,5
360,0.20381858957503018,0.016846222172498537,0.04702470597938646,5.1321830665140844e-05,0.07935710745931468,1
361,0.08897623028128643,0.005206789409136214,0.08222542941645461,7.109601469990068e-06,0.18542908265221625,5
362,0.15848244486500207,0.007402794595197548,0.02982249363784728,2.454229576898115e-06,0.045400528880508606,1
363,0.055816121307010746,0.002519724599314155,0.0576319457619926,1.5474716137831024e-05,0.14440670867160188,5
364,0.15149310746672962,0.00891709535382812,0.10662730456883374,7.142252815950378e-06,0.1015415756860576,1
365,0.06649181529474102,0.03728672424746482,0.06496090680467803,1.346602258389673e-05,0.2288876527337097,5
366,0.09824480365877097,0.0006204157628828533,0.013360727393146421,0.0,0.028522520242140637,1
367,0.2789432984662006,0.004494897129459274,0.06123278084755046,4.424368559630132e-06,0.06611157440716253,1
368,0.04225706354275505,0.010066040200972126,0.04298847831515873,4.0054705027214865e-06,0.12340699993937587,5
369,0.24310822683233413,0.0062733757448529825,0.06000584375181417,1.821126142254048e-05,0.08643373950332789,1
370,0.0398486365069074,0.003992625648740589,0.16025374663829384,1.2391788786203506e-06,0.03449580185278078,3
371,0.03021101225477485,0.02031035088835942,0.046305413796938755,5.365236329213374e-06,0.12721991435021407,5
372,0.08152645634651456,0.01216832559867953,0.25762267188256494,8.715633121547661e-06,0.09997424424893409,3
373,0.12010429519887877,0.007611997763593781,0.06675021668506353,7.798103302536497e-06,0.08502964975429261,1
374,0.04736682630147382,0.0014482340193354704,0.041231634837886944,0.0,0.04422187039952996,1
375,0.13904488619083222,0.0071722049301278235,0.012488514378641291,0.0,0.03028443757736865,1
376,0.04270572386289795,0.004245926045092441,0.12157829531785969,6.295593600880167e-06,0.052656155547123995,3
377,0.050420719230210964,0.0005471367109112224,0.048516248223569924,2.4010235322169393e-07,0.08956774541493251,5
378,0.06607534989745134,0.00145617079531557,0.08658404420370847,0.0,0.1316805779058956,5
379,0.052383894707281,0.006526241015714862,0.09005863932463365,1.9848657973886574e-06,0.12699485823589807,5
380,0.08283328769912579,0.0028382168160340226,0.0834860018236685,9.768549118271963e-06,0.060881396440294444,3
381,0.03884252539732591,0.012781688311323758,0.019630591054512925,0.0,0.07096774145303852,5
382,0.04883819143969825,0.008540122060652355,0.05052215365005763,1.4062815043458521e-05,0.20910764772764856,5
383,0.029689665356317674,0.005515824618928078,0.040202660496870934,0.0,0.13734703052456831,5
384,0.08686639919302275,0.008264306833231205,0.16246628913826855,2.027629340362047e-05,0.06633974779316798,3
385,0.10743929319516121,0.0014767987535249105,0.0466483302804207,3.4542710940499433e-06,0.061688113190892846,1
386,0.09040077854038853,0.004876721819777274,0.043005834179840385,5.0074257994525695e-06,0.06743607533320184,1
387,0.144008214651975,0.002464164114417522,0.04759315670279285,4.948343365618335e-06,0.08254433061197586,1
388,0.05393808549910806,0.001727246077871003,0.2114848902736648,3.532971724840017e-06,0.06457805462762112,3
389,0.05273487797676735,0.04343921138886586,0.07256427413314648,5.004432980015849e-06,0.0952179362383192,5
390,0.0631599231172606,0.0030969544421801665,0.15326897234847237,7.5710287630315065e-06,0.09038236176266334,3
391,0.1361080567356584,0.011507486662817201,0.047797459374058104,2.2648236810640654e-05,0.09020033561636731,1
392,0.10895732473952591,0.010661834154399918,0.06886486162578165,4.209820509970541e-06,0.0767146565479071,1
393,0.07223872623067185,0.006610146794489569,0.25923081812487303,8.104626588623098e-06,0.08996297582487167,3
394,0.07129390858772433,0.00317169424199526,0.052053912514884004,2.931064145839102e-06,0.09895784570747268,5
395,0.017913605650430875,0.0009871438531743326,0.024987337402945675,3.072296850148426e-06,0.07931854703168717,5
396,0.14059026866151025,0.0031227197949267316,0.038570634378771174,2.0745444234693267e-06,0.05070122865322357,1
397,0.08052561832387273,0.0029357771504124885,0.02860750881964358,1.9381155278108686e-05,0.03132108883027074,1
398,0.11438726519345155,0.005579047320438013,0.09344789970074063,1.2047009855242763e-06,0.193294345755624,5
399,0.03664301905629197,0.009017640942752148,0.046785313200567114,1.7941184031089463e-05,0.14691889986161144,5
400,0.03496896440289077,0.006306764746651372,0.24763857695041447,1.880197438408615e-05,0.04694842674158761,3
401,0.04165323539679977,0.0008171713833619032,0.14078364845293334,0.0,0.03559191080855062,3
402,0.1747683764789718,0.01125750066837039,0.03753081882091702,3.466424724107853e-05,0.044055356649449484,1
403,0.1887774974286961,0.0030525183039340487,0.031587639891882624,2.05774311157203e-06,0.04007444594415421,1
404,0.03685958132520839,0.007852633020223099,0.06078224331536797,2.178304140065812e-06,0.09873376278927837,5
405,0.11735648149501343,0.013010412064554777,0.026476875698343227,4.790371424756579e-06,0.037233920711907786,1
406,0.18251087491379003,0.004777658061570156,0.0543068574384572,0.0,0.0556610937756008,1
407,0.11841252520475054,0.0034155180997968992,0.13522531950057193,3.6464997806850974e-06,0.2053486574919975,5
408,0.15794067477892204,0.005674095943217772,0.09779060183712551,1.3417195218745626e-05,0.10902769263739631,1
409,0.0269750174633977,0.0035381447223087337,0.03888501438866154,0.0,0.06160114825913576,5
410,0.03678575561973363,0.0011362997404770203,0.2058150180175058,2.5672128300957553e-07,0.05563428161884698,3
411,0.17838752039174366,0.00448557383274506,0.05968493857939161,8.26348162585866e-06,0.07331921556948251,1
412,0.1523279766120007,0.011038120121346306,0.11098424762777093,1.2474637378745435e-05,0.37425756549661404,5
413,0.11124096750436929,0.002580094192142446,0.06254214798161939,5.72713254820556e-07,0.06836385751165341,1
414,0.02903672553872627,0.0016184148226813244,0.004236475159916875,1.0093358099760863e-05,0.0043257596699678436,1
415,0.03542108852271775,0.010133567989767611,0.03890683843138176,1.0858617298659112e-05,0.10111665720510432,5
416,0.06495338837127951,0.0027500872883348126,0.04303386384739949,1.4705209516630013e-05,0.1605419012818612,5
417,0.27495490629472974,0.0076758127369398466,0.053851919308601226,2.8062121452676614e-05,0.06279920905207759,1
418,0.08344751459517064,0.004753118984359261,0.30800907287867907,3.0788074470988747e-06,0.11784918061653982,3
419,0.061492140373430315,0.024592186653581538,0.05764433810725489,1.6982143922761317e-05,0.20803781276142896,5
420,0.03814022002652051,0.00842580545449434,0.03383294894074107,1.4336929070379867e-05,0.1821148517286153,5
421,0.11379681164461797,0.00500767876599395,0.13918017067084776,3.164760595253391e-06,0.17548035011376228,5
422,0.11749099108530814,0.0019070210853510128,0.010708810991975959,1.7593545923455522e-06,0.022529233043878105,1
423,0.14355141478349953,0.017666157647001968,0.059122076964775894,9.242365685113718e-06,0.07346671132979155,1
424,0.019296865007308872,0.00045630064907309364,0.11177357461834891,5.2657209522744e-06,0.038447137407119025,3
425,0.04644586569642517,0.012511295939529599,0.0389114334162195,6.326450669003059e-06,0.162830158597151,5
426,0.13226231668737487,0.0048762496776484365,0.10522751482786707,8.912875476774218e-06,0.2202240436738363,5
427,0.04803859172372127,0.00219425846332022,0.17087471749341365,1.320435410678833e-06,0.07656112158813366,3
428,0.08369159805363124,0.0022795932090835525,0.26345351804682027,7.65712402239771e-06,0.11721243393023517,3
429,0.06543095011226874,0.004769916658191153,0.044605329156283124,2.1073751619860026e-05,0.1083021704820919,5
430,0.15062765781412257,0.006725897257562785,0.0685049123396293,1.829446400569701e-05,0.09337585378086322,1
431,0.10501991197865224,0.010203274609834945,0.29787624364424836,1.2180810598949598e-05,0.1289583804745087,3
432,0.08425242933426369,0.002917974103287202,0.21179555110781922,1.4386338546001909e-06,0.09311172645272581,3
433,0.1271094250964231,0.0029068281317625733,0.01895678249195254,1.931084259176874e-05,0.03027924159094708,1
434,0.0693714461299112,0.0046786408923135125,0.02275062028607633,3.815867512357851e-05,0.03858366726417839,1
435,0.01741811277283123,0.002610224253797644,0.01718043090136434,1.1653491025831464e-05,0.10619938790021854,5
436,0.11043394781013316,0.004095925982611992,0.032657045369094306,7.17019768525784e-06,0.04179999688367775,1
437,0.16400258499508424,0.005570163834521358,0.18941761606858987,3.0600646047096447e-06,0.37240365082954097,5
438,0.0007506355549132815,0.0289636300065933,0.0004410862995114506,0.9998010418953348,0.0009510256182929666,4
439,0.06569489222168778,0.009075501503453709,0.03582962890794672,8.894928823499626e-07,0.07262616422467982,5
440,0.06132742778878797,0.011490486470525751,0.09725022611357104,3.080143270439706e-06,0.05595930932750248,3
441,0.02669630727876071,0.008208194047352846,0.017328467618853205,6.481237977418175e-06,0.09330917340595901,5
442,0.030482537662080422,0.006553634788938001,0.03360774853301263,3.4182659235382218e-06,0.1396426261822329,5
443,0.09454290352224315,0.004901369137375822,0.3699249735807465,8.636088309033063e-06,0.13665333053264794,3
444,0.040723667426988186,0.004161134233539254,0.02712210628016465,6.195457986524211e-06,0.056242421746945825,5
445,0.18884747074692831,0.013321874190746708,0.0232014997237453,8.716189772484118e-05,0.0353140799276207,1
446,0.0710444430628352,0.005148624477257058,0.13875681561932263,8.22367382158351e-06,0.12870769690639805,3
447,0.04355388552927586,0.0015798206486162814,0.16534171405606546,3.0457549630158454e-06,0.05140332104276024,3
448,0.10583448564613618,0.008020933095297611,0.08349194530958315,9.691665855404707e-07,0.17401967502999904,5
449,0.08255288062980304,0.009649095977256494,0.10763733098688133,1.4875203504072232e-05,0.22073494719700748,5
450,0.04045523624700498,0.0050736583215612585,0.17338796078076513,5.169362920420806e-05,0.05385812608167562,3
451,0.07070849695627812,0.0026087900479532244,0.06534789103177163,6.082303670940092e-06,0.14945231360815758,5
452,0.10325442621029457,0.004376463767279626,0.07474081715550451,5.625962992028555e-06,0.11253710515232973,5
453,0.08794493140430659,0.0017696378718983219,0.04298311744683447,0.0,0.050728919733040834,1
454,0.06236762246097238,0.00130721588315863,0.1576413067468201,1.8479100730717235e-06,0.047944625956669595,3
455,0.07984605084136875,0.0010873879673320985,0.02323617429920033,1.0959832121848478e-06,0.02743627421535655,1
456,0.027364095637115837,0.0009845231161129675,0.12001623870960865,1.05303969769599e-05,0.043282889185439766,3
457,0.034245467233089966,0.0007563183142846874,0.10931063266354213,5.220693911622831e-07,0.051461192113083754,3
458,0.04662428242646677,0.013372743988890878,0.028742852743739444,3.4766753011172824e-05,0.05510313571765835,5
459,0.03671095345202702,0.0023474859736359877,0.02456735452895309,2.689200217842469e-06,0.053037700193983905,5
460,0.026299346979255178,0.0008578840312413183,0.016032290240102,0.0,0.12663758437340267,5
461,0.021290236086659586,0.0009729570033768509,0.22101433005468585,0.0,0.023860746731794724,3
462,0.042411829920594,0.0013684659003311284,0.05336726171841866,2.0696073710357865e-07,0.11354927499535372,5
463,0.0642198739550861,0.016775259150975108,0.033358993352771704,0.0002016249031988604,0.03698651253625673,1
464,0.04898305111347667,0.007103275651565877,0.05182299632000664,5.109382923307315e-06,0.12218715475227515,5
465,0.20195307871069335,0.004763001444978432,0.11187461713442615,1.394416693556444e-05,0.069237806480277,1
466,0.059065946786404866,0.0009955001383054052,0.0708777818956221,0.0,0.12469423663717116,5
467,0.0412943994499384,0.009977320389665145,0.047042966550054244,1.480962965294541e-05,0.11681894159413597,5
468,0.15643372110514764,0.0036899428921403077,0.09708392514787312,4.719162243760344e-06,0.1090887834951284,1
469,0.032631235507980305,0.00028877245564873366,0.0648068786548679,0.0,0.07359653611851613,5
470,0.07202450939633265,0.00502434615537406,0.26297916420031453,5.621767336205785e-06,0.1153948455094812,3
471,0.10100427687582181,0.005844233679471622,0.03314378963319453,1.714430204624584e-05,0.02755783143043833,1
472,0.25098032909292856,0.004526034075460927,0.05960112711891297,2.766074386295614e-05,0.1082506378876118,1
473,0.22428219923112047,0.006938617411046177,0.05410372675844455,3.1662583567682034e-05,0.06180043605688068,1
474,0.05429617140111598,0.011394893008734086,0.06704125341811562,1.5065393390134574e-05,0.18231881364203506,5
475,0.10048995639619185,0.004098125622122417,0.3245864034068653,1.224616932415934e-05,0.12486947783460578,3
476,0.29725759497287674,0.009149936245100188,0.08348487946654748,9.127938950137526e-06,0.09265736140414216,1
477,0.06570904068914651,0.0018199291366415293,0.06191443461794599,1.055083363599163e-05,0.08058291638864146,5
478,0.18390590034697096,0.00233905046733085,0.07850509330893463,5.969052670473651e-06,0.07102087866722528,1
479,0.16775329930703686,0.002550921978224485,0.0714404297203377,2.5745469722782133e-06,0.07883650893477834,1
480,0.0714044741927573,0.0022869866644966708,0.2967956242996499,9.169890620053245e-06,0.10659135977162315,3
481,0.10757714407254593,0.02200166660620384,0.02574126283645284,4.1042561302884195e-06,0.01618740218591508,1
482,0.07335379883599547,0.003302218002335655,0.0542013260574129,7.493271392711165e-06,0.09871683399846098,5
483,0.08324105567259776,0.0034721405935878025,0.2880232319227427,4.377616354078739e-06,0.106334649604791,3
484,0.03389584977800186,0.002780804677153026,0.02896549942558091,4.936871238259144e-06,0.07567464611910579,5
485,0.09450282721296421,0.0035647534686767957,0.1305476217399747,5.256023651867281e-06,0.18586031160820182,5
486,0.060246331144104714,0.004648503357710498,0.05651798075862913,8.350662066836101e-06,0.16149430632588457,5
487,0.08685130533066487,0.0022115709463418343,0.21813241662760796,2.6367234562396646e-07,0.10309688133847683,3
488,0.08691809425479724,0.001861254821572511,0.024519939774714672,2.520705572051085e-06,0.049202560197655565,1
489,0.11358899544319656,0.0043165448134611095,0.09544452005858495,3.060458620973705e-06,0.10174197553816178,1
490,0.04222480503159998,0.008352628324583278,0.030261714699904352,2.3305908272153175e-06,0.14138363205000848,5
491,0.032875281119401745,0.0026171262232200787,0.13841040834291873,1.5803322005902842e-05,0.04845663864764482,3
492,0.030407386843936623,0.013438495815720541,0.026482221991821153,9.720471392582475e-06,0.1493427579074078,5
493,0.040653540279381395,0.00022535645906907043,0.06503484708095497,2.439787828212303e-06,0.10548592622914699,5
494,0.050125645704857336,0.032595368808905456,0.05677894209354484,1.4097846491867294e-05,0.19010703673580753,5
495,0.08196131423469633,0.027765220977522875,0.0730324170733666,2.075635362208672e-05,0.21443774141722916,5
496,0.03414978009389669,0.014476789171749216,0.02818550882877413,8.652538281306299e-06,0.12542746522878867,5
497,0.027399204455272885,0.002572641945090437,0.10469256699064411,3.645059194701261e-06,0.03792414289659474,3
498,0.07092205211565117,0.006926995764263477,0.11885862337448405,2.1735625004737358e-05,0.186488013964889,5
499,0.023202436882615363,0.0016328076461977759,0.013268598817818389,3.551886097141743e-05,0.029998018703788154,5
